RSM Zip,"City, ST, Zip",Lat,Long, Factor 
94102,"San Francisco, CA 94102", 37.77956 , (122.41931), 1.350 
11101,"Long Island City, NY 11101", 40.74679 , (73.93916), 1.342 
11691,"Far Rockaway, NY 11691", 40.60152 , (73.76173), 1.338 
11201,"Brooklyn, NY 11201", 40.69477 , (73.99031), 1.337 
11427,"Queens Village, NY 11427", 40.73094 , (73.74569), 1.337 
11354,"Flushing, NY 11354", 40.76860 , (73.82743), 1.337 
11424,"Jamaica, NY 11424", 40.71397 , (73.82809), 1.333 
10001,"New York, NY 10001", 40.75064 , (73.99728), 1.321 
10301,"Staten Island, NY 10301", 40.62803 , (74.09564), 1.310 
10451,"Bronx, NY 10451", 40.82097 , (73.92383), 1.306 
95110,"San Jose, CA 95110", 37.34656 , (121.90970), 1.304 
94601,"Oakland, CA 94601", 37.77684 , (122.21822), 1.298 
94401,"San Mateo, CA 94401", 37.57445 , (122.31942), 1.293 
94301,"Palo Alto, CA 94301", 37.44424 , (122.14992), 1.290 
94702,"Berkeley, CA 94702", 37.86619 , (122.28634), 1.287 
94901,"San Rafael, CA 94901", 37.98053 , (122.50249), 1.273 
94801,"Richmond, CA 94801", 37.95217 , (122.38025), 1.259 
10801,"New Rochelle, NY 10801", 40.91751 , (73.78396), 1.257 
95401,"Santa Rosa, CA 95401", 38.44922 , (122.79307), 1.255 
11901,"Riverhead, NY 11901", 40.92424 , (72.64697), 1.251 
11801,"Hicksville, NY 11801", 40.76256 , (73.52383), 1.246 
12601,"Poughkeepsie, NY 12601", 41.70602 , (73.91119), 1.243 
94589,"Vallejo, CA 94589", 38.14162 , (122.24596), 1.240 
95060,"Santa Cruz, CA 95060", 37.01352 , (122.10176), 1.235 
60601,"Chicago, IL 60601", 41.88527 , (87.62197), 1.231 
93901,"Salinas, CA 93901", 36.64794 , (121.63044), 1.231 
10701,"Yonkers, NY 10701", 40.94702 , (73.88034), 1.214 
96001,"Redding, CA 96001", 40.57731 , (122.45443), 1.212 
10601,"White Plains, NY 10601", 41.03288 , (73.76480), 1.208 
95501,"Eureka, CA 95501", 40.80435 , (124.14034), 1.206 
60014,"Crystal Lake, IL 60014", 42.23126 , (88.32679), 1.206 
60423,"Frankfort, IL 60423", 41.47922 , (87.83961), 1.206 
10550,"Mount Vernon, NY 10550", 40.90627 , (73.83510), 1.205 
60431,"Joliet, IL 60431", 41.53355 , (88.20568), 1.205 
93650,"Fresno, CA 93650", 36.84026 , (119.80038), 1.203 
07102,"Newark, NJ 07102", 40.73576 , (74.17343), 1.200 
10901,"Suffern, NY 10901", 41.14554 , (74.12504), 1.199 
96130,"Susanville, CA 96130", 40.54992 , (120.63064), 1.198 
95901,"Marysville, CA 95901", 39.22250 , (121.48855), 1.195 
07501,"Paterson, NJ 07501", 40.91250 , (74.17099), 1.194 
95202,"Stockton, CA 95202", 37.95968 , (121.28772), 1.193 
95811,"Sacramento, CA 95811", 38.58761 , (121.49077), 1.192 
07201,"Elizabeth, NJ 07201", 40.67237 , (74.17643), 1.189 
07302,"Jersey City, NJ 07302", 40.71894 , (74.04462), 1.188 
07901,"Summit, NJ 07901", 40.71462 , (74.36604), 1.187 
96813,"Honolulu, HI 96813", 21.31628 , (157.84359), 1.187 
08608,"Trenton, NJ 08608", 40.21947 , (74.76693), 1.186 
95350,"Modesto, CA 95350", 37.67175 , (121.00732), 1.185 
12401,"Kingston, NY 12401", 41.93504 , (74.05446), 1.185 
12701,"Monticello, NY 12701", 41.65125 , (74.69820), 1.183 
07740,"Long Branch, NJ 07740", 40.29581 , (73.99190), 1.180 
07601,"Hackensack, NJ 07601", 40.88910 , (74.04614), 1.179 
07801,"Dover, NJ 07801", 40.93167 , (74.54643), 1.179 
90001,"Los Angeles, CA 90001", 33.97365 , (118.24904), 1.178 
08102,"Camden, NJ 08102", 39.95203 , (75.12134), 1.173 
19102,"Philadelphia, PA 19102", 39.95301 , (75.16544), 1.171 
08901,"New Brunswick, NJ 08901", 40.48426 , (74.44275), 1.169 
08742,"Point Pleasant Beach, NJ 08742", 40.08076 , (74.06213), 1.165 
08401,"Atlantic City, NJ 08401", 39.37964 , (74.45284), 1.164 
08360,"Vineland, NJ 08360", 39.49374 , (75.00352), 1.160 
02108,"Boston, MA 02108", 42.35657 , (71.06516), 1.158 
90802,"Long Beach, CA 90802", 33.75035 , (118.21143), 1.149 
92501,"Riverside, CA 92501", 33.99496 , (117.37367), 1.147 
92801,"Anaheim, CA 92801", 33.84441 , (117.95175), 1.147 
93101,"Santa Barbara, CA 93101", 34.41925 , (119.70808), 1.145 
99901,"Ketchikan, AK 99901", 55.62270 , (131.67157), 1.143 
93401,"San Luis Obispo, CA 93401", 35.23539 , (120.61834), 1.142 
93301,"Bakersfield, CA 93301", 35.38428 , (119.02057), 1.142 
60901,"Kankakee, IL 60901", 41.11029 , (87.90049), 1.142 
90301,"Inglewood, CA 90301", 33.95647 , (118.35863), 1.140 
92101,"San Diego, CA 92101", 32.71620 , (117.18589), 1.139 
91401,"Van Nuys, CA 91401", 34.17801 , (118.43183), 1.138 
91801,"Alhambra, CA 91801", 34.09093 , (118.12776), 1.135 
93030,"Oxnard, CA 93030", 34.20510 , (119.17530), 1.129 
92701,"Santa Ana, CA 92701", 33.74860 , (117.85877), 1.129 
92262,"Palm Springs, CA 92262", 33.86287 , (116.55736), 1.128 
91101,"Pasadena, CA 91101", 34.14671 , (118.13895), 1.125 
93501,"Mojave, CA 93501", 35.04110 , (118.22922), 1.122 
92401,"San Bernardino, CA 92401", 34.10586 , (117.29188), 1.120 
61101,"Rockford, IL 61101", 42.33727 , (89.14725), 1.119 
96720,"Hilo, HI 96720", 19.67022 , (155.21718), 1.108 
99501,"Anchorage, AK 99501", 61.22005 , (149.85872), 1.104 
99801,"Juneau, AK 99801", 58.39785 , (134.05472), 1.100 
61301,"La Salle, IL 61301", 41.39368 , (89.07827), 1.099 
01840,"Lawrence, MA 01840", 42.70695 , (71.16014), 1.091 
99701,"Fairbanks, AK 99701", 67.25435 , (149.87754), 1.090 
98101,"Seattle, WA 98101", 47.61119 , (122.33454), 1.084 
01850,"Lowell, MA 01850", 42.65569 , (71.30292), 1.083 
55401,"Minneapolis, MN 55401", 44.98526 , (93.26984), 1.081 
56301,"Saint Cloud, MN 56301", 45.48718 , (94.24307), 1.078 
06103,"Hartford, CT 06103", 41.76477 , (72.67012), 1.077 
19401,"Norristown, PA 19401", 40.13042 , (75.33143), 1.076 
01602,"Worcester, MA 01602", 42.27219 , (71.84946), 1.073 
06010,"Bristol, CT 06010", 41.68100 , (72.94065), 1.072 
06051,"New Britain, CT 06051", 41.66519 , (72.76983), 1.071 
55101,"Saint Paul, MN 55101", 44.95111 , (93.08739), 1.068 
19380,"West Chester, PA 19380", 39.98594 , (75.60358), 1.068 
18901,"Doylestown, PA 18901", 40.30529 , (75.15026), 1.068 
06702,"Waterbury, CT 06702", 41.55713 , (73.04539), 1.068 
06226,"Willimantic, CT 06226", 41.70816 , (72.20731), 1.064 
06901,"Stamford, CT 06901", 41.05349 , (73.53845), 1.062 
02301,"Brockton, MA 02301", 42.07791 , (71.04223), 1.062 
02903,"Providence, RI 02903", 41.81902 , (71.41003), 1.061 
06604,"Bridgeport, CT 06604", 41.17684 , (73.20027), 1.060 
06450,"Meriden, CT 06450", 41.53332 , (72.77399), 1.060 
06850,"Norwalk, CT 06850", 41.12630 , (73.44316), 1.059 
19901,"Dover, DE 19901", 39.17335 , (75.47758), 1.058 
06510,"New Haven, CT 06510", 41.30620 , (72.92652), 1.058 
02740,"New Bedford, MA 02740", 41.63802 , (70.93839), 1.056 
89101,"Las Vegas, NV 89101", 36.17279 , (115.12234), 1.056 
02720,"Fall River, MA 02720", 41.73095 , (71.10932), 1.053 
01701,"Framingham, MA 01701", 42.32195 , (71.43796), 1.050 
06320,"New London, CT 06320", 41.35026 , (72.10225), 1.050 
01420,"Fitchburg, MA 01420", 42.58559 , (71.81693), 1.049 
98201,"Everett, WA 98201", 47.99373 , (122.18563), 1.048 
14201,"Buffalo, NY 14201", 42.89706 , (78.88752), 1.047 
19801,"Wilmington, DE 19801", 39.72782 , (75.54615), 1.046 
02840,"Newport, RI 02840", 41.47838 , (71.31993), 1.045 
01103,"Springfield, MA 01103", 42.10443 , (72.58997), 1.043 
02601,"Hyannis, MA 02601", 41.66000 , (70.29327), 1.042 
98402,"Tacoma, WA 98402", 47.25021 , (122.44056), 1.039 
98501,"Olympia, WA 98501", 46.97830 , (122.86989), 1.038 
12202,"Albany, NY 12202", 42.63355 , (73.76300), 1.037 
19702,"Newark, DE 19702", 39.62199 , (75.72803), 1.037 
97201,"Portland, OR 97201", 45.50796 , (122.68959), 1.034 
53202,"Milwaukee, WI 53202", 43.04561 , (87.89893), 1.031 
12302,"Schenectady, NY 12302", 42.88188 , (73.98323), 1.030 
61602,"Peoria, IL 61602", 40.68005 , (89.60395), 1.028 
01301,"Greenfield, MA 01301", 42.62375 , (72.60379), 1.027 
61820,"Champaign, IL 61820", 40.11200 , (88.24423), 1.026 
02532,"Buzzards Bay, MA 02532", 41.75111 , (70.59713), 1.021 
14301,"Niagara Falls, NY 14301", 43.09701 , (79.03726), 1.021 
62521,"Decatur, IL 62521", 39.81435 , (88.93086), 1.020 
01201,"Pittsfield, MA 01201", 42.45614 , (73.28114), 1.020 
62201,"East Saint Louis, IL 62201", 38.63567 , (90.14162), 1.019 
53140,"Kenosha, WI 53140", 42.61963 , (87.82987), 1.018 
61701,"Bloomington, IL 61701", 40.47697 , (88.99278), 1.018 
53402,"Racine, WI 53402", 42.79890 , (87.82385), 1.016 
55802,"Duluth, MN 55802", 46.75267 , (92.08197), 1.015 
56001,"Mankato, MN 56001", 44.13193 , (93.97789), 1.015 
15201,"Pittsburgh, PA 15201", 40.47565 , (79.95389), 1.013 
48201,"Detroit, MI 48201", 42.34706 , (83.06009), 1.013 
62401,"Effingham, IL 62401", 39.11843 , (88.56467), 1.011 
98901,"Yakima, WA 98901", 46.66935 , (120.33816), 1.010 
61401,"Galesburg, IL 61401", 40.94451 , (90.38888), 1.010 
55901,"Rochester, MN 55901", 44.07679 , (92.50180), 1.010 
62701,"Springfield, IL 62701", 39.80063 , (89.64902), 1.009 
18235,"Lehighton, PA 18235", 40.83603 , (75.69200), 1.008 
56201,"Willmar, MN 56201", 45.10181 , (95.04226), 1.006 
98660,"Vancouver, WA 98660", 45.68660 , (122.73152), 1.002 
62801,"Centralia, IL 62801", 38.51097 , (89.14120), 1.002 
53703,"Madison, WI 53703", 43.07981 , (89.37734), 1.001 
97301,"Salem, OR 97301", 44.94948 , (123.00439), 1.001 
18101,"Allentown, PA 18101", 40.60301 , (75.46980), 0.999 
46402,"Gary, IN 46402", 41.61032 , (87.33297), 0.998 
12801,"Glens Falls, NY 12801", 43.31097 , (73.64545), 0.997 
97501,"Medford, OR 97501", 42.28560 , (122.89459), 0.997 
65801,"Springfield, MO 65801", 37.21421 , (93.29521), 0.997 
64101,"Kansas City, MO 64101", 39.10355 , (94.60051), 0.995 
97401,"Eugene, OR 97401", 44.06803 , (123.08171), 0.992 
62901,"Carbondale, IL 62901", 37.74003 , (89.20946), 0.992 
62301,"Quincy, IL 62301", 39.93139 , (91.38741), 0.992 
14604,"Rochester, NY 14604", 43.15690 , (77.60536), 0.991 
97601,"Klamath Falls, OR 97601", 42.44404 , (122.06741), 0.991 
56401,"Brainerd, MN 56401", 46.32259 , (94.11974), 0.990 
13202,"Syracuse, NY 13202", 43.04356 , (76.15065), 0.990 
16201,"Kittanning, PA 16201", 40.80984 , (79.47204), 0.989 
15301,"Washington, PA 15301", 40.16411 , (80.25304), 0.989 
56101,"Windom, MN 56101", 43.88404 , (95.13991), 0.988 
97801,"Pendleton, OR 97801", 45.67317 , (118.83362), 0.988 
97701,"Bend, OR 97701", 44.00065 , (121.03289), 0.987 
13501,"Utica, NY 13501", 43.08138 , (75.22611), 0.981 
12901,"Plattsburgh, NY 12901", 44.70842 , (73.47465), 0.981 
15401,"Uniontown, PA 15401", 39.89914 , (79.74965), 0.980 
54301,"Green Bay, WI 54301", 44.48193 , (88.02029), 0.979 
19601,"Reading, PA 19601", 40.35260 , (75.94080), 0.979 
15601,"Greensburg, PA 15601", 40.31397 , (79.53643), 0.979 
13901,"Binghamton, NY 13901", 42.18253 , (75.88048), 0.978 
53511,"Beloit, WI 53511", 42.54627 , (89.09792), 0.977 
48120,"Dearborn, MI 48120", 42.30524 , (83.17180), 0.976 
16001,"Butler, PA 16001", 40.91049 , (79.94376), 0.975 
14901,"Elmira, NY 14901", 42.07363 , (76.74137), 0.974 
89701,"Carson City, NV 89701", 39.13944 , (119.72087), 0.974 
16101,"New Castle, PA 16101", 40.98776 , (80.28814), 0.971 
05602,"Montpelier, VT 05602", 44.28480 , (72.61498), 0.970 
61201,"Rock Island, IL 61201", 41.47799 , (90.57608), 0.970 
13601,"Watertown, NY 13601", 43.96949 , (75.90965), 0.968 
18360,"Stroudsburg, PA 18360", 40.97254 , (75.28562), 0.967 
15701,"Indiana, PA 15701", 40.62935 , (79.15056), 0.967 
54701,"Eau Claire, WI 54701", 44.74320 , (91.50899), 0.967 
56601,"Bemidji, MN 56601", 47.50985 , (94.84921), 0.966 
05301,"Brattleboro, VT 05301", 42.84346 , (72.65901), 0.966 
05101,"Bellows Falls, VT 05101", 43.17830 , (72.48333), 0.965 
14701,"Jamestown, NY 14701", 42.08091 , (79.25502), 0.965 
98801,"Wenatchee, WA 98801", 47.43183 , (120.34356), 0.964 
66101,"Kansas City, KS 66101", 39.11871 , (94.62592), 0.964 
17101,"Harrisburg, PA 17101", 40.25950 , (76.88705), 0.963 
15901,"Johnstown, PA 15901", 40.32845 , (78.91460), 0.963 
03101,"Manchester, NH 03101", 42.98881 , (71.46590), 0.962 
54601,"La Crosse, WI 54601", 43.80199 , (91.14559), 0.962 
54880,"Superior, WI 54880", 46.59342 , (92.12701), 0.962 
89501,"Reno, NV 89501", 39.52602 , (119.81262), 0.962 
56501,"Detroit Lakes, MN 56501", 46.83665 , (95.82233), 0.961 
16601,"Altoona, PA 16601", 40.55338 , (78.37283), 0.959 
99352,"Richland, WA 99352", 46.24199 , (119.29067), 0.959 
15801,"Du Bois, PA 15801", 41.12867 , (78.72352), 0.957 
25701,"Huntington, WV 25701", 38.36809 , (82.41127), 0.955 
16801,"State College, PA 16801", 40.78538 , (77.84214), 0.954 
26003,"Wheeling, WV 26003", 40.06930 , (80.65080), 0.954 
20001,"Washington, DC 20001", 38.91002 , (77.01800), 0.953 
18503,"Scranton, PA 18503", 41.41007 , (75.66767), 0.953 
03301,"Concord, NH 03301", 43.22423 , (71.54342), 0.953 
05201,"Bennington, VT 05201", 42.87652 , (73.14260), 0.952 
44101,"Cleveland, OH 44101", 41.48988 , (81.67170), 0.951 
48103,"Ann Arbor, MI 48103", 42.25810 , (83.84333), 0.950 
50309,"Des Moines, IA 50309", 41.58448 , (93.62152), 0.950 
56701,"Thief River Falls, MN 56701", 48.12021 , (96.19940), 0.949 
64701,"Harrisonville, MO 64701", 38.62053 , (94.33780), 0.948 
15522,"Bedford, PA 15522", 39.94931 , (78.55173), 0.947 
16501,"Erie, PA 16501", 42.12096 , (80.08958), 0.946 
96915,"Santa Rita, GU 96915", 13.37526 , 144.70714 , 0.946 
26301,"Clarksburg, WV 26301", 39.28629 , (80.37735), 0.944 
26501,"Morgantown, WV 26501", 39.62872 , (80.04025), 0.943 
25301,"Charleston, WV 25301", 38.35123 , (81.62761), 0.943 
22301,"Alexandria, VA 22301", 38.81995 , (77.05934), 0.942 
26201,"Buckhannon, WV 26201", 39.00082 , (80.20249), 0.942 
03060,"Nashua, NH 03060", 42.74135 , (71.45936), 0.941 
04101,"Portland, ME 04101", 43.66240 , (70.25860), 0.941 
17401,"York, PA 17401", 39.95893 , (76.73359), 0.940 
16701,"Bradford, PA 16701", 41.91105 , (78.77385), 0.940 
83501,"Lewiston, ID 83501", 46.22830 , (116.90608), 0.939 
26757,"Romney, WV 26757", 39.31652 , (78.75001), 0.939 
99201,"Spokane, WA 99201", 47.66271 , (117.43609), 0.938 
21201,"Baltimore, MD 21201", 39.29487 , (76.62237), 0.936 
63801,"Sikeston, MO 63801", 36.89698 , (89.60672), 0.936 
18801,"Montrose, PA 18801", 41.82861 , (75.94370), 0.936 
16301,"Oil City, PA 16301", 41.45596 , (79.64946), 0.936 
24901,"Lewisburg, WV 24901", 37.85298 , (80.47598), 0.936 
97918,"Vale, OR 97918", 43.96255 , (117.38073), 0.935 
26624,"Gassaway, WV 26624", 38.72071 , (80.80883), 0.935 
26847,"Petersburg, WV 26847", 38.95809 , (79.15189), 0.935 
26101,"Parkersburg, WV 26101", 39.23394 , (81.57483), 0.934 
18701,"Wilkes Barre, PA 18701", 41.24330 , (75.88523), 0.934 
52801,"Davenport, IA 52801", 41.52082 , (90.57483), 0.933 
54401,"Wausau, WI 54401", 44.96647 , (89.70794), 0.932 
17601,"Lancaster, PA 17601", 40.07296 , (76.31457), 0.932 
43604,"Toledo, OH 43604", 41.65217 , (83.53977), 0.932 
18201,"Hazleton, PA 18201", 40.95198 , (75.95395), 0.931 
16901,"Wellsboro, PA 16901", 41.73038 , (77.31841), 0.931 
48906,"Lansing, MI 48906", 42.78489 , (84.58886), 0.930 
21401,"Annapolis, MD 21401", 38.98967 , (76.55050), 0.930 
53901,"Portage, WI 53901", 43.55606 , (89.48606), 0.929 
05401,"Burlington, VT 05401", 44.47484 , (73.21758), 0.927 
22201,"Arlington, VA 22201", 38.88684 , (77.09501), 0.926 
17201,"Chambersburg, PA 17201", 39.96229 , (77.65677), 0.925 
03801,"Portsmouth, NH 03801", 43.07293 , (70.80520), 0.925 
25801,"Beckley, WV 25801", 37.83805 , (81.27017), 0.923 
45601,"Chillicothe, OH 45601", 39.30996 , (82.95550), 0.923 
17901,"Pottsville, PA 17901", 40.69364 , (76.25526), 0.922 
43085,"Columbus, OH 43085", 40.09959 , (83.01639), 0.921 
45701,"Athens, OH 45701", 39.31205 , (82.08079), 0.920 
04330,"Augusta, ME 04330", 44.36387 , (69.73729), 0.920 
44301,"Akron, OH 44301", 41.04398 , (81.52449), 0.919 
43952,"Steubenville, OH 43952", 40.39763 , (80.66278), 0.919 
54017,"New Richmond, WI 54017", 45.11907 , (92.52091), 0.919 
46201,"Indianapolis, IN 46201", 39.77369 , (86.10949), 0.919 
53813,"Lancaster, WI 53813", 42.84402 , (90.71641), 0.918 
17801,"Sunbury, PA 17801", 40.83669 , (76.75762), 0.917 
44502,"Youngstown, OH 44502", 41.08365 , (80.64253), 0.917 
48067,"Royal Oak, MI 48067", 42.49053 , (83.13786), 0.916 
63334,"Bowling Green, MO 63334", 39.30747 , (91.18838), 0.916 
44052,"Lorain, OH 44052", 41.45519 , (82.16133), 0.915 
49503,"Grand Rapids, MI 49503", 42.96282 , (85.65872), 0.915 
64501,"Saint Joseph, MO 64501", 39.76584 , (94.84448), 0.915 
21740,"Hagerstown, MD 21740", 39.63233 , (77.73902), 0.915 
30303,"Atlanta, GA 30303", 33.75284 , (84.39028), 0.915 
24701,"Bluefield, WV 24701", 37.29929 , (81.20650), 0.915 
05001,"White River Junction, VT 05001", 43.67309 , (72.37943), 0.914 
89301,"Ely, NV 89301", 39.52872 , (114.76615), 0.912 
17701,"Williamsport, PA 17701", 41.34206 , (76.88821), 0.912 
54901,"Oshkosh, WI 54901", 44.06265 , (88.53335), 0.912 
05819,"Saint Johnsbury, VT 05819", 44.40397 , (71.98837), 0.911 
22030,"Fairfax, VA 22030", 38.83891 , (77.34188), 0.911 
83814,"Coeur D Alene, ID 83814", 47.63717 , (116.75811), 0.911 
83702,"Boise, ID 83702", 43.66821 , (116.16493), 0.910 
05905,"Guildhall, VT 05905", 44.70151 , (71.66672), 0.910 
54501,"Rhinelander, WI 54501", 45.65973 , (89.34303), 0.910 
65101,"Jefferson City, MO 65101", 38.49143 , (92.15009), 0.909 
49201,"Jackson, MI 49201", 42.25213 , (84.38301), 0.908 
45801,"Lima, OH 45801", 40.77476 , (84.03703), 0.908 
64601,"Chillicothe, MO 64601", 39.80440 , (93.57334), 0.907 
58501,"Bismarck, ND 58501", 46.81890 , (100.70234), 0.907 
46011,"Anderson, IN 46011", 40.12759 , (85.76178), 0.907 
47802,"Terre Haute, IN 47802", 39.35153 , (87.41060), 0.906 
68102,"Omaha, NE 68102", 41.26231 , (95.93224), 0.906 
44901,"Mansfield, OH 44901", 40.76391 , (82.51247), 0.905 
45501,"Springfield, OH 45501", 39.92634 , (83.80745), 0.905 
65301,"Sedalia, MO 65301", 38.69922 , (93.22104), 0.905 
48502,"Flint, MI 48502", 43.01429 , (83.68866), 0.904 
47401,"Bloomington, IN 47401", 39.08613 , (86.45138), 0.904 
04240,"Lewiston, ME 04240", 44.09147 , (70.16808), 0.904 
21502,"Cumberland, MD 21502", 39.64143 , (78.75609), 0.904 
21921,"Elkton, MD 21921", 39.62568 , (75.85904), 0.904 
46601,"South Bend, IN 46601", 41.67065 , (86.25200), 0.903 
05701,"Rutland, VT 05701", 43.63365 , (72.91368), 0.903 
65401,"Rolla, MO 65401", 37.90691 , (91.76374), 0.903 
80521,"Fort Collins, CO 80521", 40.59372 , (105.12680), 0.902 
22701,"Culpeper, VA 22701", 38.44038 , (77.99633), 0.902 
81601,"Glenwood Springs, CO 81601", 39.59357 , (107.32815), 0.902 
99403,"Clarkston, WA 99403", 46.38114 , (117.25974), 0.901 
57103,"Sioux Falls, SD 57103", 43.53800 , (96.69241), 0.901 
45202,"Cincinnati, OH 45202", 39.10885 , (84.50243), 0.900 
80202,"Denver, CO 80202", 39.75156 , (104.99768), 0.899 
63601,"Park Hills, MO 63601", 37.82120 , (90.54390), 0.899 
45011,"Hamilton, OH 45011", 39.42892 , (84.50173), 0.899 
45402,"Dayton, OH 45402", 39.75983 , (84.20751), 0.899 
68502,"Lincoln, NE 68502", 40.78361 , (96.70083), 0.898 
20601,"Waldorf, MD 20601", 38.61863 , (76.85715), 0.898 
44702,"Canton, OH 44702", 40.79992 , (81.37665), 0.898 
20740,"College Park, MD 20740", 39.00193 , (76.93096), 0.897 
00901,"San Juan, PR 00901", 18.46478 , (66.10277), 0.897 
47708,"Evansville, IN 47708", 37.97387 , (87.57357), 0.896 
41101,"Ashland, KY 41101", 38.47392 , (82.65045), 0.895 
86301,"Prescott, AZ 86301", 34.59452 , (112.42454), 0.895 
63101,"Saint Louis, MO 63101", 38.63127 , (90.19275), 0.895 
47201,"Columbus, IN 47201", 39.15074 , (85.99432), 0.894 
65201,"Columbia, MO 65201", 38.89595 , (92.24365), 0.893 
47901,"Lafayette, IN 47901", 40.41780 , (86.88995), 0.893 
52401,"Cedar Rapids, IA 52401", 41.97534 , (91.65871), 0.893 
22601,"Winchester, VA 22601", 39.17430 , (78.17430), 0.893 
20901,"Silver Spring, MD 20901", 39.02155 , (77.00919), 0.893 
43701,"Zanesville, OH 43701", 39.95986 , (81.99498), 0.893 
43302,"Marion, OH 43302", 40.59995 , (83.12967), 0.893 
25401,"Martinsburg, WV 25401", 39.45642 , (77.97267), 0.893 
04901,"Waterville, ME 04901", 44.55449 , (69.57037), 0.892 
63701,"Cape Girardeau, MO 63701", 37.33522 , (89.58043), 0.892 
22401,"Fredericksburg, VA 22401", 38.29928 , (77.48704), 0.891 
04401,"Bangor, ME 04401", 44.84711 , (68.84654), 0.890 
64801,"Joplin, MO 64801", 37.11056 , (94.49740), 0.890 
48706,"Bay City, MI 48706", 43.59937 , (83.95623), 0.890 
68801,"Grand Island, NE 68801", 40.94949 , (98.29295), 0.890 
04530,"Bath, ME 04530", 43.89156 , (69.83060), 0.890 
63901,"Poplar Bluff, MO 63901", 36.77168 , (90.45012), 0.889 
04730,"Houlton, ME 04730", 46.12574 , (67.91471), 0.889 
48601,"Saginaw, MI 48601", 43.40096 , (83.89520), 0.888 
47501,"Washington, IN 47501", 38.66139 , (87.17479), 0.888 
04654,"Machias, ME 04654", 44.78128 , (67.57716), 0.888 
59101,"Billings, MT 59101", 45.63013 , (108.36445), 0.888 
47302,"Muncie, IN 47302", 40.12992 , (85.37553), 0.887 
42301,"Owensboro, KY 42301", 37.73983 , (87.24643), 0.887 
83201,"Pocatello, ID 83201", 42.88949 , (112.38324), 0.886 
81501,"Grand Junction, CO 81501", 39.07174 , (108.54569), 0.885 
22801,"Harrisonburg, VA 22801", 38.40519 , (78.87931), 0.884 
04841,"Rockland, ME 04841", 44.12739 , (69.13686), 0.884 
31401,"Savannah, GA 31401", 32.06831 , (81.09252), 0.883 
03431,"Keene, NH 03431", 42.96785 , (72.29862), 0.883 
40202,"Louisville, KY 40202", 38.25288 , (85.75205), 0.883 
80401,"Golden, CO 80401", 39.71672 , (105.23286), 0.883 
80631,"Greeley, CO 80631", 40.44216 , (104.67809), 0.882 
63401,"Hannibal, MO 63401", 39.69046 , (91.45986), 0.882 
49014,"Battle Creek, MI 49014", 42.30996 , (85.10711), 0.882 
32301,"Tallahassee, FL 32301", 30.42701 , (84.25799), 0.881 
57501,"Pierre, SD 57501", 44.53525 , (100.31906), 0.881 
03603,"Charlestown, NH 03603", 43.25339 , (72.38059), 0.881 
03743,"Claremont, NH 03743", 43.36026 , (72.32489), 0.880 
37201,"Nashville, TN 37201", 36.16662 , (86.77799), 0.880 
30901,"Augusta, GA 30901", 33.43811 , (81.95327), 0.880 
30720,"Dalton, GA 30720", 34.73472 , (85.00289), 0.879 
49001,"Kalamazoo, MI 49001", 42.26470 , (85.56265), 0.879 
51501,"Council Bluffs, IA 51501", 41.22828 , (95.87889), 0.879 
83301,"Twin Falls, ID 83301", 42.39472 , (114.52203), 0.879 
84601,"Provo, UT 84601", 40.22593 , (111.69550), 0.878 
03904,"Kittery, ME 03904", 43.11025 , (70.73201), 0.878 
31201,"Macon, GA 31201", 32.81433 , (83.61846), 0.878 
89801,"Elko, NV 89801", 41.18096 , (115.76076), 0.877 
41501,"Pikeville, KY 41501", 37.50805 , (82.51540), 0.876 
80701,"Fort Morgan, CO 80701", 40.13494 , (103.81102), 0.875 
50801,"Creston, IA 50801", 41.07959 , (94.39224), 0.875 
30601,"Athens, GA 30601", 34.00032 , (83.34851), 0.874 
40502,"Lexington, KY 40502", 38.01376 , (84.48189), 0.874 
70112,"New Orleans, LA 70112", 29.95608 , (90.07733), 0.874 
30458,"Statesboro, GA 30458", 32.39732 , (81.82694), 0.874 
87501,"Santa Fe, NM 87501", 35.71273 , (105.86523), 0.874 
81401,"Montrose, CO 81401", 38.51559 , (107.78472), 0.873 
29401,"Charleston, SC 29401", 32.77868 , (79.93540), 0.873 
85003,"Phoenix, AZ 85003", 33.45059 , (112.07833), 0.873 
80301,"Boulder, CO 80301", 40.04795 , (105.19876), 0.872 
33602,"Tampa, FL 33602", 27.95371 , (82.45675), 0.872 
49801,"Iron Mountain, MI 49801", 45.91910 , (88.01795), 0.872 
31501,"Waycross, GA 31501", 31.22693 , (82.34852), 0.871 
81101,"Alamosa, CO 81101", 37.47197 , (105.85243), 0.871 
84321,"Logan, UT 84321", 41.77938 , (111.68316), 0.871 
31601,"Valdosta, GA 31601", 30.74772 , (83.33968), 0.871 
85701,"Tucson, AZ 85701", 32.21702 , (110.97138), 0.871 
51101,"Sioux City, IA 51101", 42.49413 , (96.39361), 0.870 
49440,"Muskegon, MI 49440", 43.23852 , (86.25387), 0.870 
46802,"Fort Wayne, IN 46802", 41.06787 , (85.16299), 0.870 
50701,"Waterloo, IA 50701", 42.41710 , (92.34448), 0.869 
31901,"Columbus, GA 31901", 32.46461 , (84.97986), 0.869 
52601,"Burlington, IA 52601", 40.85510 , (91.11100), 0.868 
49684,"Traverse City, MI 49684", 44.80191 , (85.70549), 0.868 
31701,"Albany, GA 31701", 31.57376 , (84.15508), 0.868 
29201,"Columbia, SC 29201", 33.98381 , (81.02829), 0.867 
52001,"Dubuque, IA 52001", 42.54819 , (90.69348), 0.867 
84101,"Salt Lake City, UT 84101", 40.75628 , (111.89996), 0.867 
81201,"Salida, CO 81201", 38.55129 , (106.08157), 0.867 
80902,"Colorado Springs, CO 80902", 38.68683 , (104.81270), 0.867 
21801,"Salisbury, MD 21801", 38.38106 , (75.64073), 0.867 
88301,"Carrizozo, NM 88301", 33.74940 , (105.85191), 0.867 
82001,"Cheyenne, WY 82001", 41.09500 , (104.93265), 0.866 
59401,"Great Falls, MT 59401", 47.51083 , (111.27691), 0.866 
58102,"Fargo, ND 58102", 46.92070 , (96.83175), 0.866 
63501,"Kirksville, MO 63501", 40.16745 , (92.59078), 0.866 
81001,"Pueblo, CO 81001", 38.29525 , (104.53780), 0.865 
86001,"Flagstaff, AZ 86001", 35.35119 , (111.75607), 0.865 
85501,"Globe, AZ 85501", 33.54569 , (110.74788), 0.865 
28202,"Charlotte, NC 28202", 35.22773 , (80.84470), 0.865 
32202,"Jacksonville, FL 32202", 30.32505 , (81.64786), 0.865 
83401,"Idaho Falls, ID 83401", 43.53222 , (111.86516), 0.865 
40601,"Frankfort, KY 40601", 38.23294 , (84.88327), 0.864 
81301,"Durango, CO 81301", 37.51095 , (107.82066), 0.864 
41011,"Covington, KY 41011", 39.06802 , (84.53065), 0.864 
22901,"Charlottesville, VA 22901", 38.08874 , (78.55569), 0.864 
85281,"Tempe, AZ 85281", 33.42805 , (111.93157), 0.863 
88201,"Roswell, NM 88201", 33.66517 , (104.48932), 0.862 
32801,"Orlando, FL 32801", 28.54200 , (81.37343), 0.862 
87401,"Farmington, NM 87401", 36.73824 , (108.18377), 0.862 
87301,"Gallup, NM 87301", 35.52153 , (108.76524), 0.862 
32901,"Melbourne, FL 32901", 28.07887 , (80.62268), 0.862 
38103,"Memphis, TN 38103", 35.15308 , (90.05518), 0.861 
66603,"Topeka, KS 66603", 39.05742 , (95.67539), 0.861 
58701,"Minot, ND 58701", 48.14027 , (101.32406), 0.860 
73102,"Oklahoma City, OK 73102", 35.47065 , (97.51910), 0.860 
42420,"Henderson, KY 42420", 37.79875 , (87.51517), 0.860 
85901,"Show Low, AZ 85901", 34.29348 , (109.99878), 0.860 
29801,"Aiken, SC 29801", 33.58675 , (81.69701), 0.860 
42101,"Bowling Green, KY 42101", 37.06552 , (86.47809), 0.860 
46901,"Kokomo, IN 46901", 40.52487 , (86.15639), 0.859 
21601,"Easton, MD 21601", 38.79275 , (76.08242), 0.858 
59701,"Butte, MT 59701", 46.03497 , (112.46087), 0.858 
87101,"Albuquerque, NM 87101", 35.09669 , (106.64339), 0.858 
23502,"Norfolk, VA 23502", 36.86274 , (76.20983), 0.857 
84401,"Ogden, UT 84401", 41.21962 , (112.03352), 0.857 
58201,"Grand Forks, ND 58201", 47.86938 , (97.14013), 0.857 
88401,"Tucumcari, NM 88401", 35.08984 , (103.80942), 0.856 
35203,"Birmingham, AL 35203", 33.51847 , (86.80999), 0.856 
29601,"Greenville, SC 29601", 34.84744 , (82.40257), 0.855 
23173,"Richmond, VA 23173", 37.57677 , (77.54069), 0.854 
03561,"Littleton, NH 03561", 44.33222 , (71.80973), 0.854 
69101,"North Platte, NE 69101", 41.15020 , (100.80319), 0.854 
88101,"Clovis, NM 88101", 34.50114 , (103.26616), 0.854 
32501,"Pensacola, FL 32501", 30.42826 , (87.22277), 0.854 
29501,"Florence, SC 29501", 34.20414 , (79.82654), 0.854 
52501,"Ottumwa, IA 52501", 41.03828 , (92.43252), 0.853 
41301,"Campton, KY 41301", 37.72121 , (83.48941), 0.852 
29301,"Spartanburg, SC 29301", 34.93516 , (82.01301), 0.852 
33101,"Miami, FL 33101", 25.77976 , (80.19877), 0.852 
41701,"Hazard, KY 41701", 37.29778 , (83.18781), 0.852 
36101,"Montgomery, AL 36101", 32.38177 , (86.29763), 0.852 
70801,"Baton Rouge, LA 70801", 30.44954 , (91.18608), 0.852 
32601,"Gainesville, FL 32601", 29.64886 , (82.32506), 0.851 
51401,"Carroll, IA 51401", 42.06516 , (94.87068), 0.851 
47025,"Lawrenceburg, IN 47025", 39.15415 , (84.87461), 0.851 
82601,"Casper, WY 82601", 43.06550 , (106.34618), 0.850 
23803,"Petersburg, VA 23803", 37.21183 , (77.48028), 0.850 
68601,"Columbus, NE 68601", 41.45205 , (97.39477), 0.850 
33901,"Fort Myers, FL 33901", 26.62304 , (81.88228), 0.850 
87901,"Truth Or Consequences, NM 87901", 33.17530 , (107.01908), 0.849 
33801,"Lakeland, FL 33801", 28.04010 , (81.89470), 0.849 
34231,"Sarasota, FL 34231", 27.26651 , (82.51626), 0.848 
59601,"Helena, MT 59601", 46.54199 , (112.17474), 0.848 
59201,"Wolf Point, MT 59201", 48.15981 , (105.64647), 0.848 
32401,"Panama City, FL 32401", 30.14477 , (85.67448), 0.848 
27401,"Greensboro, NC 27401", 36.06995 , (79.76724), 0.848 
58801,"Williston, ND 58801", 48.23522 , (103.76747), 0.848 
87701,"Las Vegas, NM 87701", 35.53091 , (104.94419), 0.847 
58301,"Devils Lake, ND 58301", 48.13015 , (98.88798), 0.847 
77002,"Houston, TX 77002", 29.75635 , (95.36538), 0.847 
57401,"Aberdeen, SD 57401", 45.47530 , (98.53042), 0.847 
79901,"El Paso, TX 79901", 31.75970 , (106.48049), 0.846 
50501,"Fort Dodge, IA 50501", 42.49244 , (94.18967), 0.846 
87801,"Socorro, NM 87801", 34.04824 , (106.96668), 0.846 
29902,"Beaufort, SC 29902", 32.37426 , (80.69438), 0.846 
86401,"Kingman, AZ 86401", 35.11024 , (113.70423), 0.845 
39201,"Jackson, MS 39201", 32.28981 , (90.18398), 0.845 
66701,"Fort Scott, KS 66701", 37.82862 , (94.75999), 0.845 
59801,"Missoula, MT 59801", 46.85505 , (114.01009), 0.845 
24501,"Lynchburg, VA 24501", 37.35565 , (79.15608), 0.845 
30501,"Gainesville, GA 30501", 34.31844 , (83.81636), 0.844 
35801,"Huntsville, AL 35801", 34.72497 , (86.56304), 0.844 
58601,"Dickinson, ND 58601", 46.90964 , (102.82766), 0.844 
74103,"Tulsa, OK 74103", 36.15617 , (95.99570), 0.844 
35901,"Gadsden, AL 35901", 34.04848 , (85.92395), 0.843 
59301,"Miles City, MT 59301", 46.36022 , (105.85055), 0.843 
42001,"Paducah, KY 42001", 37.03317 , (88.71350), 0.843 
32114,"Daytona Beach, FL 32114", 29.19312 , (81.04915), 0.843 
68701,"Norfolk, NE 68701", 42.02024 , (97.44099), 0.843 
24011,"Roanoke, VA 24011", 37.27048 , (79.94128), 0.843 
27601,"Raleigh, NC 27601", 35.77370 , (78.63453), 0.843 
49735,"Gaylord, MI 49735", 44.99576 , (84.67117), 0.842 
67202,"Wichita, KS 67202", 37.68668 , (97.33521), 0.842 
36301,"Dothan, AL 36301", 31.14387 , (85.40321), 0.842 
68901,"Hastings, NE 68901", 40.59092 , (98.36599), 0.841 
23601,"Newport News, VA 23601", 37.05862 , (76.46414), 0.841 
33301,"Fort Lauderdale, FL 33301", 26.12128 , (80.12745), 0.841 
70601,"Lake Charles, LA 70601", 30.22627 , (93.21525), 0.841 
86502,"Chambers, AZ 86502", 35.12120 , (109.61705), 0.840 
28052,"Gastonia, NC 28052", 35.22492 , (81.23266), 0.840 
59901,"Kalispell, MT 59901", 48.22873 , (114.40564), 0.840 
58401,"Jamestown, ND 58401", 46.88145 , (98.76883), 0.840 
71101,"Shreveport, LA 71101", 32.50620 , (93.74822), 0.839 
74701,"Durant, OK 74701", 34.00974 , (96.37690), 0.839 
51601,"Shenandoah, IA 51601", 40.72938 , (95.35037), 0.839 
88001,"Las Cruces, NM 88001", 32.29026 , (106.75318), 0.838 
59501,"Havre, MT 59501", 48.69591 , (109.78556), 0.838 
38701,"Greenville, MS 38701", 33.30621 , (91.03346), 0.838 
47150,"New Albany, IN 47150", 38.28831 , (85.84775), 0.837 
74401,"Muskogee, OK 74401", 35.72304 , (95.45431), 0.837 
35401,"Tuscaloosa, AL 35401", 33.17900 , (87.61586), 0.837 
50401,"Mason City, IA 50401", 43.15389 , (93.20006), 0.837 
84501,"Price, UT 84501", 39.53214 , (110.80393), 0.837 
28801,"Asheville, NC 28801", 35.59441 , (82.55785), 0.837 
35501,"Jasper, AL 35501", 33.82145 , (87.29544), 0.837 
33701,"Saint Petersburg, FL 33701", 27.77050 , (82.63566), 0.836 
82801,"Sheridan, WY 82801", 44.83618 , (106.89258), 0.836 
23701,"Portsmouth, VA 23701", 36.81158 , (76.36986), 0.835 
28501,"Kinston, NC 28501", 35.23838 , (77.52658), 0.835 
28301,"Fayetteville, NC 28301", 35.07442 , (78.88376), 0.834 
74354,"Miami, OK 74354", 36.88962 , (94.88096), 0.834 
70501,"Lafayette, LA 70501", 30.23910 , (91.99122), 0.833 
67301,"Independence, KS 67301", 37.21092 , (95.75224), 0.833 
71301,"Alexandria, LA 71301", 31.27446 , (92.46864), 0.833 
74801,"Shawnee, OK 74801", 35.31749 , (96.96824), 0.833 
71201,"Monroe, LA 71201", 32.53915 , (92.10690), 0.833 
79701,"Midland, TX 79701", 31.99239 , (102.08105), 0.833 
37402,"Chattanooga, TN 37402", 35.04672 , (85.31553), 0.832 
67801,"Dodge City, KS 67801", 37.72961 , (100.05406), 0.832 
38301,"Jackson, TN 38301", 35.59080 , (88.85310), 0.832 
42501,"Somerset, KY 42501", 37.06174 , (84.44973), 0.831 
69201,"Valentine, NE 69201", 42.70004 , (100.59663), 0.831 
75201,"Dallas, TX 75201", 32.78826 , (96.79953), 0.831 
82301,"Rawlins, WY 82301", 41.98163 , (107.47745), 0.830 
29730,"Rock Hill, SC 29730", 34.88780 , (81.02116), 0.829 
28601,"Hickory, NC 28601", 35.77290 , (81.32704), 0.829 
36701,"Selma, AL 36701", 32.49672 , (87.05680), 0.828 
82901,"Rock Springs, WY 82901", 41.38121 , (109.02469), 0.828 
66801,"Emporia, KS 66801", 38.41105 , (96.22210), 0.828 
67401,"Salina, KS 67401", 38.83554 , (97.64621), 0.827 
73701,"Enid, OK 73701", 36.42323 , (97.78833), 0.826 
37902,"Knoxville, TN 37902", 35.96203 , (83.92039), 0.826 
36867,"Phenix City, AL 36867", 32.49823 , (85.02304), 0.826 
40701,"Corbin, KY 40701", 36.91759 , (84.16651), 0.825 
79101,"Amarillo, TX 79101", 35.20605 , (101.83946), 0.825 
27101,"Winston Salem, NC 27101", 36.11204 , (80.19889), 0.825 
42701,"Elizabethtown, KY 42701", 37.70502 , (85.83881), 0.825 
57701,"Rapid City, SD 57701", 44.12090 , (103.20562), 0.825 
70301,"Thibodaux, LA 70301", 29.81431 , (90.74110), 0.825 
74601,"Ponca City, OK 74601", 36.70436 , (97.14604), 0.824 
78201,"San Antonio, TX 78201", 29.46901 , (98.52861), 0.824 
72201,"Little Rock, AR 72201", 34.74725 , (92.28053), 0.824 
78701,"Austin, TX 78701", 30.27022 , (97.74248), 0.824 
79761,"Odessa, TX 79761", 31.85603 , (102.34850), 0.823 
24301,"Pulaski, VA 24301", 37.06319 , (80.79735), 0.822 
82501,"Riverton, WY 82501", 43.03325 , (108.24936), 0.822 
35601,"Decatur, AL 35601", 34.60616 , (87.00795), 0.821 
57201,"Watertown, SD 57201", 44.93412 , (97.09424), 0.821 
24401,"Staunton, VA 24401", 38.13257 , (79.08846), 0.820 
27909,"Elizabeth City, NC 27909", 36.29548 , (76.28394), 0.820 
82401,"Worland, WY 82401", 44.00089 , (108.16770), 0.820 
74953,"Poteau, OK 74953", 35.03931 , (94.57156), 0.820 
69301,"Alliance, NE 69301", 42.12297 , (102.88593), 0.820 
27701,"Durham, NC 27701", 35.99858 , (78.89872), 0.820 
36602,"Mobile, AL 36602", 30.69834 , (88.03815), 0.820 
24201,"Bristol, VA 24201", 36.61059 , (82.16971), 0.819 
82201,"Wheatland, WY 82201", 42.01049 , (105.11328), 0.819 
36201,"Anniston, AL 36201", 33.65082 , (85.88264), 0.818 
76102,"Fort Worth, TX 76102", 32.75799 , (97.32858), 0.818 
82701,"Newcastle, WY 82701", 43.71185 , (104.44510), 0.818 
23901,"Farmville, VA 23901", 37.32309 , (78.41186), 0.818 
73501,"Lawton, OK 73501", 34.56211 , (98.28640), 0.818 
77701,"Beaumont, TX 77701", 30.07321 , (94.10579), 0.817 
74501,"Mcalester, OK 74501", 34.98501 , (95.78597), 0.817 
82190,"Yellowstone National Park, WY 82190", 44.57439 , (110.51807), 0.816 
36904,"Butler, AL 36904", 32.10287 , (88.25596), 0.816 
52101,"Decorah, IA 52101", 43.35741 , (91.76494), 0.816 
71601,"Pine Bluff, AR 71601", 34.17409 , (91.89811), 0.816 
67701,"Colby, KS 67701", 39.39509 , (101.05034), 0.815 
33401,"West Palm Beach, FL 33401", 26.71805 , (80.06850), 0.815 
36401,"Evergreen, AL 36401", 31.47123 , (86.94928), 0.814 
72401,"Jonesboro, AR 72401", 35.86835 , (90.66193), 0.814 
78401,"Corpus Christi, TX 78401", 27.79734 , (97.40118), 0.814 
28401,"Wilmington, NC 28401", 34.29053 , (77.97053), 0.813 
73801,"Woodward, OK 73801", 36.47330 , (99.43070), 0.813 
73601,"Clinton, OK 73601", 35.49859 , (98.94694), 0.812 
72301,"West Memphis, AR 72301", 35.13363 , (90.17883), 0.812 
77488,"Wharton, TX 77488", 29.29833 , (96.09821), 0.811 
73401,"Ardmore, OK 73401", 34.21045 , (97.11434), 0.811 
71854,"Texarkana, AR 71854", 33.44445 , (93.90504), 0.810 
27801,"Rocky Mount, NC 27801", 35.91209 , (77.73656), 0.810 
39301,"Meridian, MS 39301", 32.27289 , (88.59226), 0.810 
76701,"Waco, TX 76701", 31.55201 , (97.13852), 0.809 
39530,"Biloxi, MS 39530", 30.40344 , (88.89165), 0.809 
67601,"Hays, KS 67601", 38.87300 , (99.34032), 0.808 
77550,"Galveston, TX 77550", 29.31021 , (94.77706), 0.808 
69001,"McCook, NE 69001", 40.25232 , (100.65782), 0.808 
79401,"Lubbock, TX 79401", 33.58683 , (101.85179), 0.806 
67901,"Liberal, KS 67901", 37.09430 , (100.89864), 0.806 
24614,"Grundy, VA 24614", 37.31466 , (82.07181), 0.805 
66935,"Belleville, KS 66935", 39.82694 , (97.63538), 0.805 
78040,"Laredo, TX 78040", 27.51349 , (99.50232), 0.805 
28906,"Murphy, NC 28906", 35.11873 , (84.13343), 0.805 
77801,"Bryan, TX 77801", 30.63968 , (96.36451), 0.803 
79601,"Abilene, TX 79601", 32.57226 , (99.64921), 0.802 
70401,"Hammond, LA 70401", 30.52810 , (90.45472), 0.799 
76301,"Wichita Falls, TX 76301", 33.90507 , (98.48043), 0.797 
77320,"Huntsville, TX 77320", 30.80672 , (95.55687), 0.796 
38401,"Columbia, TN 38401", 35.62955 , (87.02097), 0.795 
77901,"Victoria, TX 77901", 28.80629 , (96.98553), 0.795 
72901,"Fort Smith, AR 72901", 35.36520 , (94.41550), 0.794 
75701,"Tyler, TX 75701", 32.32297 , (95.29679), 0.793 
79201,"Childress, TX 79201", 34.41010 , (100.33521), 0.792 
73942,"Guymon, OK 73942", 36.74452 , (101.49555), 0.792 
75165,"Waxahachie, TX 75165", 32.36687 , (96.79677), 0.792 
75501,"Texarkana, TX 75501", 33.37413 , (94.13168), 0.792 
71701,"Camden, AR 71701", 33.57837 , (92.81309), 0.790 
75901,"Lufkin, TX 75901", 31.30264 , (94.65481), 0.790 
39440,"Laurel, MS 39440", 31.69400 , (89.14791), 0.790 
71909,"Hot Springs Village, AR 71909", 34.64106 , (92.99608), 0.789 
38801,"Tupelo, MS 38801", 34.22256 , (88.77620), 0.788 
67501,"Hutchinson, KS 67501", 37.97989 , (97.93090), 0.787 
37601,"Johnson City, TN 37601", 36.32838 , (82.31974), 0.785 
78840,"Del Rio, TX 78840", 29.74499 , (100.92362), 0.784 
76201,"Denton, TX 76201", 33.22122 , (97.14715), 0.782 
39701,"Columbus, MS 39701", 33.41091 , (88.50807), 0.781 
38930,"Greenwood, MS 38930", 33.52845 , (90.14245), 0.780 
76448,"Eastland, TX 76448", 32.39257 , (98.79541), 0.778 
78942,"Giddings, TX 78942", 30.16803 , (96.93153), 0.778 
76501,"Temple, TX 76501", 31.07555 , (97.25469), 0.778 
38614,"Clarksdale, MS 38614", 34.15914 , (90.60747), 0.777 
78501,"Mcallen, TX 78501", 26.21599 , (98.23910), 0.776 
76901,"San Angelo, TX 76901", 31.52352 , (100.63993), 0.775 
72601,"Harrison, AR 72601", 36.23669 , (93.09181), 0.774 
72701,"Fayetteville, AR 72701", 35.98730 , (94.08179), 0.774 
57301,"Mitchell, SD 57301", 43.71136 , (98.04155), 0.773 
76801,"Brownwood, TX 76801", 31.75471 , (99.05462), 0.772 
75601,"Longview, TX 75601", 32.50860 , (94.72414), 0.771 
39648,"Mccomb, MS 39648", 31.18611 , (90.38804), 0.771 
57601,"Mobridge, SD 57601", 45.36646 , (100.51108), 0.770 
72801,"Russellville, AR 72801", 35.28057 , (93.14161), 0.770 
51301,"Spencer, IA 51301", 43.15314 , (95.14973), 0.768 
75401,"Greenville, TX 75401", 33.18506 , (96.11556), 0.768 
72501,"Batesville, AR 72501", 35.79167 , (91.65399), 0.766 
75801,"Palestine, TX 75801", 31.74004 , (95.55116), 0.766 
51249,"Sibley, IA 51249", 43.41068 , (95.73203), 0.763 
75069,"Mckinney, TX 75069", 33.16805 , (96.59671), 0.758 
38501,"Cookeville, TN 38501", 36.22682 , (85.53841), 0.756 
38201,"McKenzie, TN 38201", 36.12335 , (88.53131), 0.744 
